ID,Distribution_ID,Text_Fragment,URL,Source,Potential EE (Solved Kappa),Duplicado,Relacionado,Main-Feature,Tipo da Melhoria,Classificação,,,,Distribution,#
DP1,D1,Components are now the recommended way to write your node. They can be used standalone as well as being composed within a process and both ways are fully support from launch files.,-,Documentation,Yes,,DP14,,"composition, node architecture",,,,D1,Dashing,35
DP2,D1,The intra-process communication (C++ only) has been improved - both in terms of latency as well as minimizing copies.,-,Documentation,Yes,,,,intreaprocess communication,,,,D2,Eloquent,85
DP3,D1,The Python client library has been updated to match most of the C++ equivalent and some important bug fixes and improvements have landed related to memory usage and performance,-,Documentation,Yes,,,,"python library optimization, c++ compatibility, memory management, performance",,,,D3,Foxy,70
DP4,D1,Parameters are now a complete alternative to dynamic_reconfigure from ROS 1 including constraints like ranges or being read-only.,-,Documentation,No,,,,,,,,D4,Galactic,33
DP5,D1,By relying on (a subset of) IDL 4.2 for the message generation pipeline it is now possible to use .idl files (beside .msg / .srv / .action files). {...},-,Documentation,No,,,,,,,,D5,Humble,54
DP6,D1,Command line tools related to actions and components,-,Documentation,No,,,,,,,,D6,Iron,53
DP7,D1,"Support for Deadline, Lifespan & Liveliness quality of service settings.",-,Documentation,Yes,,,,"node lifecycle, quality of service",,,,D7,Jazzy,49
DP8,D1,MoveIt 2 alpha release,-,Documentation,No,,,,,,,,,,
DP9,D1,"As of Dashing, parameters now need to be declared before being accessed or set.",-,Documentation,No,,,,,,,,,,
DP10,D1,The interface rclcpp::memory_strategy::MemoryStrategy was using the typedef WeakNodeVector in various method signatures. [...],-,Documentation,Yes,,,,memory management,,,,,,
DP11,D1,The correct way to implement composition in Dashing is by utilizing the rclcpp_components package.,-,Documentation,Yes,,,,"composition, node architecture",,,,,,
DP12,D1,Python server and client (also backported into Crystal),-,Main Meta-Ticket,No,,,,,,,,,,
DP13,D1,Migrate to IDL to specify ROS interfaces (Migrate to IDL rosidl#346),-,Main Meta-Ticket,No,,,,,,,,,,
DP14,D1,Python server and client (also backported into Crystal),-,Main Meta-Ticket,No,,,,,,,,,,
DP15,D1,Migrate to IDL to specify ROS interfaces (Migrate to IDL rosidl#346),https://github.com/ros2/rosidl/issues/346,Main Meta-Ticket,No,,,-,,,,,,,
DP16,D1,Change mapping of arrays / sequences in Python to numpy / array.array (map Arrays to numpy.ndarray() and Sequences to array.array() rosidl_python#35),https://github.com/ros2/rosidl_python/pull/35,Main Meta-Ticket,Yes,,,DP15,"python vector management, external libraries",,,,,,
DP17,D1,WString / unicode support (support for WString across all generators rosidl#352),-,Main Meta-Ticket,No,,,DP15,,,,,,,
DP18,D1,Improve intraprocess communication behavior (Improve intraprocess communication behavior #649),-,Main Meta-Ticket,Yes,,,,"intraprocessos, comunicacao",,,,,,
DP19,D1,Launch improvements for composable C++ nodes (Launch composable C++ nodes launch_ros#6),-,Main Meta-Ticket,Yes,,,,"composição e inicialização de nós C++ / componentes modulares, arquitetura ",,,,,,
DP20,D1,Launch improvements for launch-based testing (Launch-based Testing launch#161),-,Main Meta-Ticket,No,,,,,,,,,,
DP21,D1,Remove legacy launch API (Remove legacy API launch#159),-,Main Meta-Ticket,No,,,,,,,,,,
DP22,D1,"""Simple"" launch file format (XML/YAML Front-end launch#163) (Adds ROS 2 launch XML format design document design#207)",-,Main Meta-Ticket,No,,,,,,,,,,
DP23,D1,Read-only (and general refresh of declare parameters) (Read only parameters rclcpp#495),-,Main Meta-Ticket,No,,,,,,,,,,
DP24,D1,Declaration of a value range (Parameters support ranges rcl_interfaces#72),-,Main Meta-Ticket,No,,,,,,,,,,
DP25,D1,Automatically enforce range limits (Range support for parameters rclpy#350),-,Main Meta-Ticket,No,,,,,,,,,,
DP26,D1,Improve memory management (Memory management improvements #590),-,Main Meta-Ticket,Yes,,,,gerenciamento de memória,,,,,,
DP27,D1,fix memory leak affecting rclpy (fix leak in __wait_set_clean_up rcl#418),-,Main Meta-Ticket,Yes,,,,correção de vazamento de memória,,,,,,
DP28,D1,rosbridge_suite (Porting rosapi package. RobotWebTools/rosbridge_suite#388),-,Main Meta-Ticket,No,,,,,,,,,,
DP29,D1,Roll out incremental CI jobs (Add CI jobs ros-infrastructure/ros_buildfarm#590),-,Main Meta-Ticket,No,,,,,,,,,,
DP30,D1,"RPM packages (Modernize RPM spec file templates ros-infrastructure/bloom#533, Add Ament package support to RPM generation ros-infrastructure/bloom#534)",-,Main Meta-Ticket,No,,,,,,,,,,
DP38,D1,Provide an initial framework: https://github.com/ApexAI/apex_rostest,-,Main Meta-Ticket,No,,,,,,,,,,
DP39,D1,"Motion planning: Port of MoveIt! to ROS 2, MoveIt 2 https://github.com/AcutronicRobotics/moveit2#progress",-,Main Meta-Ticket,No,,,-,,,,,,,
DP40,D1,CI https://github.com/AcutronicRobotics/moveit2#continuous-integration-status,-,Main Meta-Ticket,No,,,DP39,,,,,,,
DP41,D1,The Python client library has been updated to match most of the C++ equivalent and some important bug fixes and improvements,-,Documentation,Yes,,,,"paridade de funcionalidades, correções de bugs",,,,,,
DP42,D1,The Python type for arrays/sequences of numeric values has been changed [...] ensures that each item in the array/sequence complies with the value range restrictions of the numeric type. The numeric values can be stored more efficiently in memory [...],-,Documentation,Yes,,,,"otimização de dados, eficiência de memória",,,,,,
DP43,D2,"API to loan message for zero copy, used by rmw_iceoryx",-,Documentation,No,,,,,,,,,,
DP44,D2,Improved performance of sourcing setup files,-,Documentation,No,,,,,,,,,,
DP45,D2,Static transform broadcasters and listeners now use QoS durability transient_local on the /tf_static topic,-,Documentation,Yes,,,,"QoS, continuidade da comunicação",,,,,,
DP46,D2,Support for markup-based launch files (XML/YAML),-,Documentation,No,,,,,,,,,,
DP47,D2,Improved launch-based testing,-,Documentation,No,,,,,,,,,,
DP48,D2,Passing key-value parameters on CLI,-,Documentation,No,,,,,,,,,,
DP49,D2,Support stream logging macros,-,Documentation,No,,,,,,,,,,
DP50,D2,Per-node logging - All stdout/stderr output from nodes are logged in ~/.ros,-,Documentation,No,,,,,,,,,,
DP51,D2,ros2doctor,-,Documentation,No,,,,,,,,,,
DP52,D2,"rviz: interactive markers, torque ring, tf message filters",-,Documentation,No,,,,,,,,,,
DP53,D2,"rqt: parameter plugin, tf tree plugin, robot steering plugin (also backported to Dashing)",-,Documentation,No,,,,,,,,,,
DP54,D2,turtlesim (also backported to Dashing),-,Documentation,No,,,,,,,,,,
DP55,D2,"RMW implementations: ""API to loan message for zero copy, used by rmw_iceoryx""
""Fast RTPS 1.9.3""
""New Tier-2 implementation: rmw_cyclonedds (also backported to Dashing)""",-,Documentation,Yes,,,,"eficiência de memória, comunicação",,,,,,
DP56,D2,Environment variable ROS_LOCALHOST_ONLY to limit communication to localhost,-,Documentation,Yes,,,,"comunicação, segurança",,,,,,
DP57,D2,MacOS Mojave Support,-,Documentation,No,,,,,,,,,,
DP58,D2,Tracing instrumentation for rcl and rclcpp,-,Documentation,No,,,,,,,,,,
DP59,D2,Add ROS 2 command line arguments design document design,https://github.com/ros2/design/pull/245,Main Meta-Ticket,No,,,,,,,,,,
DP60,D2,Migrate to '--ros-args ... [--]'-based ROS args extraction rcl,https://github.com/ros2/rcl/pull/477,Main Meta-Ticket,No,,,,,,,,,,
DP61,D2,Fail fast on invalid ROS arguments rcl,https://github.com/ros2/rcl/pull/493,Main Meta-Ticket,No,,,,,,,,,,
DP62,D2,Promote special CLI rules to flags rcl,https://github.com/ros2/rcl/pull/495,Main Meta-Ticket,No,,,,,,,,,,
DP63,D2,Adds ROS 2 launch XML format design document design,https://github.com/ros2/design/pull/207,Main Meta-Ticket,No,,,,,,,,,,
DP64,D2,Propose ROS 2 launch front-end design hints. design,https://github.com/ros2/design/pull/208,Main Meta-Ticket,No,,,,,,,,,,
DP65,D2,"Add frontend module in launch, launch_xml and launch_yaml packages launch",https://github.com/ros2/launch/pull/226,Main Meta-Ticket,No,,,,,,,,,,
DP66,D2,"Add frontend parsing methods for Node, ExecutableInPackage and FindPackage substitution launch_ros",https://github.com/ros2/launch_ros/pull/23,Main Meta-Ticket,No,,,,,,,,,,
DP67,D2,Launch file migration guide ros2_documentation,https://github.com/ros2/ros2_documentation/pull/302,Main Meta-Ticket,No,,,,,,,,,,
DP68,D2,Make daemon “reset” itself when the IP address changes ros2cli,https://github.com/ros2/ros2cli/pull/284,Main Meta-Ticket,No,,,,,,,,,,
DP69,D2,Migrate InteractiveMarkerDisplay rviz,https://github.com/ros2/rviz/pull/457,Main Meta-Ticket,No,,,,,,,,,,
DP70,D2,Migrate Wrench Display rviz,https://github.com/ros2/rviz/pull/396,Main Meta-Ticket,No,,,,,,,,,,
DP71,D2,Re-enable use of tf message filter rviz,https://github.com/ros2/rviz/pull/375,Main Meta-Ticket,No,,,,,,,,,,
DP72,D2,Dashing devel followup ros-visualization/rqt_reconfigure,https://github.com/ros-visualization/rqt_reconfigure/pull/38,Main Meta-Ticket,No,,,,,,,,,,
DP73,D2,RQT Parameters for Ros2 ros-visualization/rqt_reconfigure,https://github.com/ros-visualization/rqt_reconfigure/pull/31,Main Meta-Ticket,No,,,,,,,,,,
DP74,D2,Add Ament package support to RPM generation ros-infrastructure/bloom,https://github.com/ros-infrastructure/bloom/pull/534,Main Meta-Ticket,No,,,,,,,,,,
DP75,D2,ROS 2 Performance Test Infrastructure,https://github.com/ros2/ros2/issues/812,Main Meta-Ticket,No,,,,,,,,,,
DP76,D2,Reconsider Node to Participant mapping design,https://github.com/ros2/design/pull/250,Main Meta-Ticket,No,,,,,,,,,,
DP77,D2,add design document for node name uniqueness design,https://github.com/ros2/design/issues/187,Main Meta-Ticket,No,,,,,,,,,,
DP78,D2,Release Testing Automation - Iteration,https://github.com/ros2/ros2/issues/739,Main Meta-Ticket,No,,,,,,,,,,
DP79,D2,Add osx mojave CI jobs ci,https://github.com/ros2/ci/pull/321,Main Meta-Ticket,No,,,,,,,,,,
DP80,D2,improve performance when setting up environment,https://github.com/ros2/ros2/issues/764,Main Meta-Ticket,Yes,,,,"otimização de desempenho, configuração ambiente",,,,,,
DP81,D2,Restrict DDS middleware network traffic to localhost,https://github.com/ros2/ros2/issues/798,Main Meta-Ticket,Yes,,,,"comunicação, segurança",,,,,,
DP82,D2,add support for STREAM logging macros rclcpp,https://github.com/ros2/rclcpp/pull/926,Main Meta-Ticket,No,,,,,,,,,,
DP83,D2,Per-node output logging meta-ticket,https://github.com/ros2/ros2/issues/789,Main Meta-Ticket,No,,,,,,,,,,
DP84,D2,Added ros2interface to replace ros2 msg/srv ros2cli,https://github.com/ros2/ros2cli/pull/288,Main Meta-Ticket,No,,,,,,,,,,
DP85,D2,Proof of concept part of cpython extension using Pybind11 rclpy,https://github.com/ros2/rclpy/pull/173,Main Meta-Ticket,No,,,,,,,,,,
DP86,D2,turtlesim for ROS2 ros/ros_tutorials,https://github.com/ros/ros_tutorials/pull/53,Main Meta-Ticket,No,,,,,,,,,,
DP87,D2,Split recordings into chunks by size while recording rosbag2,https://github.com/ros2/rosbag2/issues/150,Main Meta-Ticket,No,,,,,,,,,,
DP88,D2,Added static single threaded executor functionality rclcpp,https://github.com/ros2/rclcpp/pull/873,Main Meta-Ticket,Yes,,,,"execução  em um único thread, consumo de recursos",,,,,,
DP89,D2,Support zero-copy in ROS2,https://github.com/ros2/ros2/issues/785,Main Meta-Ticket,Yes,,,,"Gestão de memória, eficiência na transferência de dados",,,,,,
DP90,D2,[Windows][ros2] Avoid build break for Visual Studio 2019 v16.3 ros-perception/image_common,https://github.com/ros-perception/image_common/pull/135,Main Meta-Ticket,No,,,,,,,,,,
DP91,D2,[Windows][ros2] Export interfaces for Shared Lib on Windows ros-perception/vision_opencv,https://github.com/ros-perception/vision_opencv/pull/301,Main Meta-Ticket,No,,,,,,,,,,
DP92,D2,[Windows][dashing] Export interfaces for Shared Lib on Windows. teleop_twist_joy,https://github.com/ros2/teleop_twist_joy/pull/14,Main Meta-Ticket,No,,,,,,,,,,
DP93,D2,Design Document for Zero-Copy via Loaned Messages design,https://github.com/ros2/design/pull/256,Main Meta-Ticket,No,,,,,,,,,,
DP94,D2,Various fixes for test failures and compatibility with Eloquent rmw_cyclonedds,https://github.com/ros2/rmw_cyclonedds/pull/20,Main Meta-Ticket,No,,,,,,,,,,
DP95,D2,Reorganize repository eclipse-cyclonedds/cyclonedds,https://github.com/eclipse-cyclonedds/cyclonedds/pull/224,Main Meta-Ticket,No,,,,,,,,,,
DP96,D2,Add support for Cyclone DDS ApexAI/performance_test,https://github.com/ApexAI/performance_test/pull/75,Main Meta-Ticket,Yes,,,,"comunicação, confiabilidade",,,,,,
DP97,D2,OMG DDS Security eclipse-cyclonedds/cyclonedds,https://github.com/eclipse-cyclonedds/cyclonedds/issues/132,Main Meta-Ticket,No,,,,,,,,,,
DP98,D2,"Nav2 should work with Cartographer, other SLAM packages ros-navigation/navigation2",https://github.com/ros-navigation/navigation2/issues/595,Main Meta-Ticket,Yes,,,,"SLAM, precisão",,,,,,
DP99,D2,Support multiple robots navigating simultaneously ros-navigation/navigation2,https://github.com/ros-navigation/navigation2/issues/971,Main Meta-Ticket,No,,,,,,,,,,
DP100,D2,Update updown test ros-navigation/navigation2,https://github.com/ros-navigation/navigation2/pull/1018,Main Meta-Ticket,No,,,,,,,,,,
DP101,D2,Enabling persistent robot pose across node restarts ros-navigation/navigation2,https://github.com/ros-navigation/navigation2/issues/290,Main Meta-Ticket,No,,,,,,,,,,
DP102,D2,Planner interface and action interface for local planners ros-navigation/navigation2,https://github.com/ros-navigation/navigation2/pull/1045,Main Meta-Ticket,No,,,,,,,,,,
DP103,D2,[launch] Multi-machine Launching launch,https://github.com/ros2/launch/issues/79,Main Meta-Ticket,No,,,,,,,,,,
DP104,D2,Replace openssl subprocess calls with python cryptography library sros2,https://github.com/ros2/sros2/issues/109,Main Meta-Ticket,Yes,,,,"segurança, eficiência",,,,,,
DP105,D2,Design document for Node Interface Definition Language (IDL) design,https://github.com/ros2/design/pull/266,Main Meta-Ticket,No,,,,,,,,,,
DP106,D2,add mypy support for linters/testing ament/ament_lint,https://github.com/ament/ament_lint/pull/154,Main Meta-Ticket,No,,,,,,,,,,
DP107,D2,Add param dump <node-name> ros2cli,https://github.com/ros2/ros2cli/pull/285,Main Meta-Ticket,No,,,,,,,,,,
DP108,D2,Add pkg xml verb ros2cli,https://github.com/ros2/ros2cli/pull/280,Main Meta-Ticket,No,,,,,,,,,,
DP109,D2,add 'topic type' verb ros2cli,https://github.com/ros2/ros2cli/pull/272,Main Meta-Ticket,No,,,,,,,,,,
DP110,D2,add 'service find' verb ros2cli,https://github.com/ros2/ros2cli/pull/274,Main Meta-Ticket,No,,,,,,,,,,
DP111,D2,Add 'service type' verb ros2cli,https://github.com/ros2/ros2cli/pull/273,Main Meta-Ticket,No,,,,,,,,,,
DP112,D2,Add 'topic find' verb ros2cli,https://github.com/ros2/ros2cli/pull/271,Main Meta-Ticket,No,,,,,,,,,,
DP113,D2,Add topic pub prototype completer ros2cli,https://github.com/ros2/ros2cli/pull/299,Main Meta-Ticket,No,,,,,,,,,,
DP114,D2,Add service call prototype completer ros2cli,https://github.com/ros2/ros2cli/pull/300,Main Meta-Ticket,No,,,,,,,,,,
DP115,D2,Add action send_goal prototype completer ros2cli,https://github.com/ros2/ros2cli/pull/301,Main Meta-Ticket,No,,,,,,,,,,
DP116,D2,Porting to ROS2 ?? ros-teleop/teleop_tools,https://github.com/ros-teleop/teleop_tools/issues/34,Main Meta-Ticket,No,,,,,,,,,,
DP117,D2,eProsima/Fast-DDS,https://github.com/eProsima/Fast-DDS/issues/630,Main Meta-Ticket,Yes,,,,comunicação. escalabilidade,,,,,,
DP118,D2,aliasrobotics/RVD,https://github.com/aliasrobotics/RVD/issues/509,Main Meta-Ticket,No,,,,,,,,,,
DP119,D2,ros2/ros2,https://github.com/ros2/ros2/issues/734,Main Meta-Ticket,No,,,,,,,,,,
DP120,D2,ros2/ros2cli,https://github.com/ros2/ros2cli/pull/283,Main Meta-Ticket,No,,,,,,,,,,
DP121,D2,relational database,https://github.com/ApexAI/performance_test/pull/84,Main Meta-Ticket,No,,,,,,,,,,
DP122,D2,add mechanism to pass rmw impl specific payloads during pub/sub creation,https://github.com/ros2/rclcpp/pull/882,Main Meta-Ticket,No,,,,,,,,,,
DP123,D2,https://github.com/ros2/sros2/pulls?q=is%3Apr+is%3Aclosed+author%3Apbaughman,https://github.com/ros2/sros2/pulls?q=is%3Apr+is%3Aclosed+author%3Apbaughman,Main Meta-Ticket,No,,,,,,,,,,
DP124,D2,cross-compilation for ARM,https://github.com/ApexAI/performance_test/pull/101,Main Meta-Ticket,No,,,,,,,,,,
DP125,D2,adding CPU load statistics,https://github.com/ApexAI/performance_test/pull/99,Main Meta-Ticket,No,,,,,,,,,,
DP126,D2,multicast auto-tune for wifi,https://github.com/eclipse-cyclonedds/cyclonedds/pull/222,Main Meta-Ticket,Yes,,,,"comunicação, transmissão de dados multicast",,,,,,
DP127,D2,patch,https://github.com/ros2/rcl/pull/509,Main Meta-Ticket,No,,,,,,,,,,
DP128,D3,The fix was originally submitted in rmw_fastrtps#429 and later backported to Foxy in rmw_fastrtps#577.,-,Documentation,Yes,,,,estabilidade e compatibilidade,,,,,,
DP129,D3,"As of Foxy, all logging messages at all severity levels get logged to stderr by default.",-,Documentation,No,,,,,,,,,,
DP130,D3,"2D Pose Estimate’, ‘2D Nav Goal’, and ‘Publish Point’ tools now timestamp their messages using ROS time instead of system time, in order for the use_sim_time parameter to have an effect on them.",-,Documentation,No,,,,,,,,,,
DP131,D3,Patch Release 8: Launch GroupAction scopes environment,-,Documentation,No,,,,,,,,,,
DP132,D3,Launch set_env frontend behavior change,-,Documentation,No,,,,,,,,,,
DP133,D3,A refactor of the launch frontend parser fixed some issues parsing special characters.,-,Documentation,No,,,,,,,,,,
DP134,D3,API was changed in the following header files: rmw_fastrtps_dynamic_cpp/TypeSupport.hpp,-,Documentation,No,,,,,,,,,,
DP135,D3,Bug in static_transform_publisher,-,Documentation,No,,,,,,,,,,
DP136,D3,Classic CMake vs. modern CMake,-,Documentation,No,,,,,,,,,,
DP137,D3,The CMake function ament_export_interfaces from the package ament_cmake_export_interfaces has been deprecated in favor of the function ament_export_targets in the new package ament_cmake_export_targets,-,Documentation,No,,,,,,,,,,
DP138,D3,The packages rosidl_generator_c and rosidl_generator_cpp have been refactored with many headers and sources moved into the new packages rosidl_runtime_c and rosidl_runtime_cpp.,-,Documentation,No,,,,,,,,,,
DP139,D3,The default working directory for tests added with ament_add_test has been changed to CMAKE_CURRENT_BINARY_DIR to match the behavior of CMake add_test.,-,Documentation,No,,,,,,,,,,
DP140,D3,The default console logging output format was changed to include the timestamp by default.,-,Documentation,No,,,,,,,,,,
DP141,D3,"As of Foxy, all logging messages at all severity levels get logged to stderr by default.",-,Documentation,No,,,,,,,,,,
DP142,D3,launch_ros: Node name and namespace parameters changed,-,Documentation,No,,,,,,,,,,
DP143,D3,rclcp: Change in Advanced Subscription Callback Signature,-,Documentation,No,,,,,,,,,,
DP144,D3,The pull request ros2/rclcpp#1081 introduces a new signature of the callbacks for retrieving ROS messages in serialized form.,-,Documentation,No,,,,,,,,,,
DP145,D3,"With pull request ros2/rclcpp#1069, the signature of node interface getters has been modified to return shared ownership of node interfaces [...]",-,Documentation,No,,,,,,,,,,
DP146,D3,"Instead, use the rclcpp::Node methods add_on_set_parameters_callback and remove_on_set_parameters_callback for adding and removing functions that are called when parameters are set.",-,Documentation,No,,,,,,,,,,
DP147,D3,"With pull request ros2/rclcpp#1119, the signature of publisher handle getter has been modified to return shared ownership of the underlying rcl structure [...]",-,Documentation,No,,,,,,,,,,
DP148,D3,"rclcpp_action: ""Deprecate ClientGoalHandle::async_result()",-,Documentation,No,,,,,,,,,,
DP149,D3,rclpy: Support for multiple on parameter set callbacks,-,Documentation,No,,,,,,,,,,
DP150,D3,rmw_connext_cpp: Connext 5.1 locator kinds compatibility mode,-,Documentation,No,,,,,,,,,,
DP151,D3,"rviz: ""Tools timestamp messages using ROS time"" : ‘2D Pose Estimate’, ‘2D Nav Goal’, and ‘Publish Point’ tools now timestamp their messages using ROS time instead of system time [...]",-,Documentation,No,,,,,,,,,,
DP152,D3,"std_msgs: ""Deprecation of messages"" : Although discouraged for a long time we have officially deprecated the following messages in std_msgs.",-,Documentation,No,,,,,,,,,,
DP153,D3,"Security features: ""Use of security enclaves"" : As of Foxy, domain participants are no longer mapped directly to ROS nodes. As a result, ROS 2 security features (which are specific to domain participants) are also no longer mapped directly to ROS nodes [...]",-,Documentation,No,,,,,,,,,,
DP154,D3,"Renaming of the environment variables: ""Environment variables renaming",-,Documentation,No,,,,,,,,,,
DP155,D3,"Known Issues: ""Services’ performance is flaky for rclcpp nodes using eProsima Fast-RTPS or ADLINK CycloneDDS as RMW implementation."" : ros2/ros2#922 Services’ performance is flaky for rclcpp nodes using eProsima Fast-RTPS or ADLINK CycloneDDS as RMW implementation. [...]",-,Documentation,Yes,,,,comunicação. instabilidade,,,,,,
DP156,D3,Reconsider Node to Participant mapping design,https://github.com/ros2/design/pull/250,Main Meta-Ticket,No,,,,,,,,,,
DP157,D3,Add a Command substitution launch,https://github.com/ros2/launch/issues/366,Main Meta-Ticket,No,,,,,,,,,,
DP158,D3,Improve Python API rosbag2,https://github.com/ros2/rosbag2/issues/232,Main Meta-Ticket,Yes,,,,"Aprimoramento API Python, manipulação de dados",,,,,,
DP159,D3,ament_nodl: 0.1.0-1 in 'foxy/distribution.yaml' [bloom] ros/rosdistro,https://github.com/ros/rosdistro/pull/25203,Main Meta-Ticket,No,,,,,,,,,,
DP160,D3,nodl: 0.1.0-1 in 'foxy/distribution.yaml' [bloom] ros/rosdistro,https://github.com/ros/rosdistro/pull/25250,Main Meta-Ticket,No,,,,,,,,,,
DP161,D3,Install security plugins eclipse-cyclonedds/cyclonedds,https://github.com/eclipse-cyclonedds/cyclonedds/pull/432,Main Meta-Ticket,No,,,,,,,,,,
DP162,D3,Add Security Logging Plugin. eProsima/Fast-DDS,https://github.com/eProsima/Fast-DDS/pull/1125,Main Meta-Ticket,No,,,,,,,,,,
DP163,D3,Add basic support for security logging plugin rmw_fastrtps,https://github.com/ros2/rmw_fastrtps/pull/362,Main Meta-Ticket,No,,,,,,,,,,
DP164,D3,Add basic support for security logging plugin rmw_connext,https://github.com/ros2/rmw_connext/pull/404,Main Meta-Ticket,No,,,,,,,,,,
DP165,D3,Enable use of Cyclone DDS security features rmw_cyclonedds,https://github.com/ros2/rmw_cyclonedds/pull/123,Main Meta-Ticket,No,,,,,,,,,,
DP166,D3,colcon plugin: support ROS 2 Eloquent canonical/snapcraft,https://github.com/canonical/snapcraft/pull/2835,Main Meta-Ticket,No,,,,,,,,,,
DP167,D3,tests: don't assume euid != 0 ros-infrastructure/rosdep,https://github.com/ros-infrastructure/rosdep/pull/703,Main Meta-Ticket,No,,,,,,,,,,
DP168,D3,Guard next(inter) ros-infrastructure/rosdep,https://github.com/ros-infrastructure/rosdep/pull/701,Main Meta-Ticket,No,,,,,,,,,,
DP169,D3,api: reorganize keystore API sros2,https://github.com/ros2/sros2/pull/188,Main Meta-Ticket,No,,,,,,,,,,
DP170,D3,api: reorganize policy API sros2,https://github.com/ros2/sros2/pull/190,Main Meta-Ticket,No,,,,,,,,,,
DP171,D3,api: reorganize permission API sros2,https://github.com/ros2/sros2/pull/191,Main Meta-Ticket,No,,,,,,,,,,
DP172,D3,api: reorganize artifact generation API sros2,https://github.com/ros2/sros2/pull/195,Main Meta-Ticket,No,,,,,,,,,,
DP173,D3,distro: include vcs_type when generating rosinstall ros-infrastructure/rosinstall_generator,https://github.com/ros-infrastructure/rosinstall_generator/pull/64,Main Meta-Ticket,No,,,,,,,,,,
DP174,D3,Support tar sources and releases ros-infrastructure/rosdistro,https://github.com/ros-infrastructure/rosdistro/pull/151,Main Meta-Ticket,No,,,,,,,,,,
DP175,D3,Liveliness QoS implementation (rebase/squash) eclipse-cyclonedds/cyclonedds,https://github.com/eclipse-cyclonedds/cyclonedds/pull/342,Main Meta-Ticket,No,,,,,,,,,,
DP176,D3,Cache serialization info when CDRWriter is constructed rmw_cyclonedds,https://github.com/ros2/rmw_cyclonedds/pull/80,Main Meta-Ticket,No,,,,,,,,,,
DP177,D3,Improvements to rmw for deterministic execution design,https://github.com/ros2/design/issues/259,Main Meta-Ticket,No,,,,,,,,,,
DP178,D3,Waitset timestamp fields rcl,https://github.com/ros2/rcl/pull/591,Main Meta-Ticket,No,,,,,,,,,,
DP179,D3,Add timestamps to rmw-internal structures. rmw,https://github.com/ros2/rmw/pull/200,Main Meta-Ticket,No,,,,,,,,,,
DP180,D3,Design Document for Zero-Copy via Loaned Messages design,https://github.com/ros2/design/pull/256,Main Meta-Ticket,No,,,,,,,,,,
DP181,D3,add ability to wait on subscriptions without an executor rclcpp,https://github.com/ros2/rclcpp/issues/520,Main Meta-Ticket,No,,,,,,,,,,
DP182,D3,"Costmap Filters (keep out, preferred lanes, slow/safety zones) ros-navigation/navigation2",https://github.com/ros-navigation/navigation2/issues/1263,Main Meta-Ticket,No,,,,,,,,,,
DP183,D3,"New Default SLAM In ROS2: Maintainership, Process, Release, Testing, Oh My! SteveMacenski/slam_toolbox",https://github.com/SteveMacenski/slam_toolbox/issues/151,Main Meta-Ticket,No,,,,,,,,,,
DP184,D3,Characterize the navigation reliability - The Office Marathon 2 ros-navigation/navigation2,https://github.com/ros-navigation/navigation2/issues/929,Main Meta-Ticket,No,,,,,,,,,,
DP185,D3,Website improvements ros-navigation/navigation2,https://github.com/ros-navigation/navigation2/issues/1228,Main Meta-Ticket,No,,,,,,,,,,
DP186,D3,part of ros-core,https://github.com/ros2/variants/pull/24,Main Meta-Ticket,No,,,,,,,,,,
DP187,D3,diagnostics aggregator,https://github.com/ros/diagnostics/pull/118,Main Meta-Ticket,No,,,,,,,,,,
DP188,D3,Expend RMW API to list publishers/subscribers QoS options,https://github.com/ros2/rmw/pull/186,Main Meta-Ticket,No,,,,,,,,,,
DP189,D3,"Enhanced ros2 topic info to display node name, node namespace, topic type and qos profile of the publishers and subscribers",https://github.com/ros2/ros2cli/pull/385,Main Meta-Ticket,No,,,,,,,,,,
DP190,D3,ros2node info,https://github.com/ros2/ros2cli/pull/463,Main Meta-Ticket,No,,,,,,,,,,
DP191,D3,ros2node list,https://github.com/ros2/ros2cli/pull/462,Main Meta-Ticket,No,,,,,,,,,,
DP192,D3,Warning users when a single launch files contain multiple nodes with similar names,https://github.com/ros2/launch_ros/pull/127,Main Meta-Ticket,No,,,,,,,,,,
DP193,D3,REP-2001: minimal C++ ROS 2 variant,https://github.com/ros-infrastructure/rep/pull/231,Main Meta-Ticket,No,,,,,,,,,,
DP194,D3,REP-2004: ROS 2 Core Quality Level Definition,https://github.com/ros-infrastructure/rep/pull/218,Main Meta-Ticket,No,,,,,,,,,,
DP195,D3,WIP,https://github.com/ros-infrastructure/rep/pull/225,Main Meta-Ticket,No,,,,,,,,,,
DP196,D3,quality/security discussions,https://github.com/ros-infrastructure/rep/pull/218#discussion_r370583550,Main Meta-Ticket,No,,,,,,,,,,
DP197,D3,another row of “formal” feedback,https://github.com/mikaelarguedas/rep/pull/1#discussion_r393230990,Main Meta-Ticket,No,,,,,,,,,,
DP198,D4,"Ability to specify per-logger log levels: ""It is now possible to specify different logging levels for different loggers on the command line [...]""",-,Documentation,No,,,,,,,,,,
DP199,D4,"Ability to configure logging directory through environment variables: ""It is now possible to configure the logging directory through two environment variables: ROS_LOG_DIR and ROS_HOME [...]""",-,Documentation,No,,,,,,,,,,
DP200,D4,"Ability to invoke rosidl pipeline outside CMake: ""It is now straightforward to invoke the rosidl interface generation pipeline outside CMake [...]",-,Documentation,No,,,,,,,,,,
DP201,D4,"Externally configure QoS at start-up: ""It is now possible to externally configure the QoS settings for a node at start-up time. QoS settings are not configurable during runtime [...]""",-,Documentation,No,,,,,,,,,,
DP202,D4,"Python point_cloud2 utilities available: ""Several utilities for interacting with PointCloud2 messages in Python were ported to ROS 2...""",-,Documentation,No,,,,,,,,,,
DP203,D4,"RViz2 Time Panel: ""The Rviz2 Time Panel, which shows the current Wall and ROS time, along with the elapsed Wall and ROS time, has been ported to RViz2...""",-,Documentation,No,,,,,,,,,,
DP204,D4,"Ros2 topic echo can print serialized data: ""When debugging middleware issues, it can be useful to see the raw serialized data that the RMW is sending...""",-,Documentation,No,,,,,,,,,,
DP205,D4,"Get the YAML representation of messages: ""It is now possible to get a YAML representation of all messages in C++ using the to_yaml function...""",-,Documentation,No,,,,,,,,,,
DP206,D4,"Ability to load parameter files at runtime through the ros2 command: ""Galactic adds the ability to load parameter values at runtime from a YAML file using the ros2 param load verb...""",-,Documentation,No,,,,,,,,,,
DP207,D4,"Tools to check for QoS incompatibilities: ""Built on top of new QoS compatibility check APIs...""",-,Documentation,No,,,,,,,,,,
DP208,D4,"Use launch substitutions in parameter files: ""Just like rosparam tags in ROS 1 roslaunch, launch_ros can now evaluate substitutions in parameter files...""",-,Documentation,No,,,,,,,,,,
DP209,D4,"Support for unique network flows: ""Applications may now require UDP/TCP and IP-based RMW implementations to provide unique network flows...""",-,Documentation,Yes,,,,comunicação,,,,,,
DP210,D4,"Rosbag2 New Features: Split recording by time: ""In Foxy, you could only split bags as they were recording by the size of the bag, now you can also split by the elapsed time...""",-,Documentation,No,,,,,,,,,,
DP211,D4,"ros2 bag list: ""This new command lists installed plugins of various types that rosbag2 uses...""",-,Documentation,No,,,,,,,,,,
DP212,D4,"Rosbag2 New Features: Compression implementation is a plugin: ""In Foxy, rosbag2 compression was hardcoded with a Zstd library implementation. This has been rearchitected so that compression implementations are a plugin...""",-,Documentation,No,,,,,,,,,,
DP213,D4,"Rosbag2 New Features: Compress per-message: ""In Foxy, you could automatically compress each rosbag file as it was split (per-file compression), but now you can also specify per-message compression...""",-,Documentation,No,,,,,,,,,,
DP214,D4,"Rosbag2 Python API: ""A new package rosbag2_py has been released in Galactic, which provides a Python API...""",-,Documentation,No,,,,,,,,,,
DP215,D4,"performance testing package and performance improvements: ""A thorough performance analysis project was performed on rosbag2 since the Foxy release...""",-,Documentation,Yes,,,,otimizações para melhorar a eficiência de gravação e leitura de dados,,,,,,
DP216,D4,"regex and --exclude options for topic selection: ""The new recording options --regex and --exclude allow for fine-tuning the topics recorded in a bag...""",-,Documentation,No,,,,,,,,,,
DP217,D4,"ros2 bag reindex: ""When the metadata.yaml file is lost or missing, ros2 bag reindex $bag_dir will attempt to reconstruct it by reading all the bag files in the directory...""",-,Documentation,No,,,,,,,,,,
DP218,D4,"Playback time control: ""New controls have been added for rosbag2 playback - pause & resume, change rate, and play-next...""",-,Documentation,No,,,,,,,,,,
DP219,D4,"Playback publishes /clock: ""Rosbag2 can also dictate 'simulation time' by publishing to the /clock topic during playback...""",-,Documentation,No,,,,,,,,,,
DP220,D4,"Default RMW changed to Eclipse Cyclone DDS: ""During the Galactic development process, the ROS 2 Technical Steering Committee voted to change the default ROS middleware (RMW) to Eclipse Cyclone DDS project...""",-,Documentation,Yes,,,,"comunicação, arquitetura",,,,,,
DP221,D4,"Connext RMW changed to rmw_connextdds: ""A new RMW for Connext called rmw_connextdds was merged for Galactic...""",-,Documentation,Yes,,,,maior compatibilidade,,,,,,
DP222,D4,"Large improvements in testing and overall quality: ""Galactic contains many changes that fix race conditions, plug memory leaks, and fix user reported problems...""",-,Documentation,Yes,,,,"correções, vazamentos de memória",,,,,,
DP223,D4,"New API for checking QoS profile compatibility: ""rmw_qos_profile_check_compatible is a new function for checking the compatibility of two QoS profiles...""",-,Documentation,No,,,,,,,,,,
DP224,D4,"ament_install_python_package() now installs a Python egg: ""By installing a flat Python egg, Python packages installed using ament_install_python_package() can be discovered using modules such as pkg_resources...""",-,Documentation,No,,,,,,,,,,
DP225,D4,"ament_target_dependencies() handles SYSTEM dependencies: ""Some package dependencies can now be marked as SYSTEM dependencies, helping to cope with warnings in external code...""",-,Documentation,No,,,,,,,,,,
DP226,D4,"nav2: ""Changes include, but are not limited to, a number of stability improvements, new plugins, interface changes, costmap filters...""",-,Documentation,Yes,,,,sistema de navegação,,,,,,
DP227,D4,"tf2_ros Python split out of tf2_ros: ""The Python code that used to live in tf2_ros has been moved into its own package named tf2_ros_py...""",-,Documentation,No,,,,,,,,,,
DP228,D4,"tf2_ros Python TransformListener uses global namespace: ""The Python TransformListener now subscribes to /tf and /tf_static in the global namespace...""",-,Documentation,No,,,,,,,,,,
DP229,D4,"rclcpp: Change in spin_until_future_complete template parameters: ""The first template parameter of Executor::spin_until_future_complete was the future result type ResultT...""",-,Documentation,No,,,,,,,,,,
DP230,D4,rclcpp:  Change in default /clock subscription QoS profile: ...,-,Documentation,No,,,,,,,,,,
DP231,D5,"ros2topic: ros2 topic pub now allows to set a builtin_interfaces.msg.Time message to the current time via the now keyword. Similarly, a std_msg.msg.Header message will be automatically generated when passed the keyword auto.",-,Documentation,No,,,,,,,,,,
DP232,D5,ament_cmake_gen_version_h: A new CMake function to generate a header with the package version info was added to the ament_cmake_gen_version_h.,-,Documentation,No,,,,,,,,,,
DP233,D5,"launch: Similar to launch configurations, now by default, the state of environment variables are scoped to group actions.",-,Documentation,No,,,,,,,,,,
DP234,D5,"launch_pytest: We’ve added a new package, launch_pytest, that acts as an alternative to launch_testing.",-,Documentation,No,,,,,,,,,,
DP235,D5,"Passing ROS arguments to node actions: It is now possible to provide ROS-specific node arguments directly, without needing to use args with a leading --ros-args flag.",-,Documentation,No,,,,,,,,,,
DP236,D5,Frontend support for composable nodes: We can now start node containers and load components into them from frontend launch files.,-,Documentation,No,,,,,,,,,,
DP237,D5,Parameter substitution: The new ParameterSubstitution lets you substitute the value of a parameter set previously in launch with the SetParameter action.,-,Documentation,No,,,,,,,,,,
DP238,D5,"New actions: RosTimer acts like the launch TimerAction, but uses a ROS clock (so it can use simulation time, for example).",-,Documentation,No,,,,,,,,,,
DP239,D5,"SROS2: As of Humble, it is now possible to put a CRL in an SROS2 security enclave and have it be honored.",-,Documentation,No,,,,,,,,,,
DP240,D5,Content Filtered Topics: Content Filtered Topics supports a more sophisticated subscription that indicates the subscriber does not want to necessarily see all values of each instance published under the Topic.,-,Documentation,No,,,,,,,,,,
DP241,D5,"ros2 launch has a --launch-prefix argument: This allows passing a prefix to all executables in a launch file, which is useful in many debugging situations.",-,Documentation,No,,,,,,,,,,
DP242,D5,ros2 topic echo has a --flow-style argument: This allows the user to force flow style for the YAML representation of data on a topic.,-,Documentation,No,,,,,,,,,,
DP243,D5,ros2 topic echo can filter data based on message contents: This allows the user to only print out data on a topic that matches a certain Python expression.,-,Documentation,No,,,,,,,,,,
DP244,D5,Apply textures to arbitrary triangle lists: We’ve added the ability to apply textures defined via URI to arbitrary triangle lists using UV Coordinates.,-,Documentation,No,,,,,,,,,,
DP245,D5,Visualization of mass properties (including inertia): We also added the ability to visualize inertias.,-,Documentation,No,,,,,,,,,,
DP246,D5,"Visualize YUV images in RViz: It is now possible to directly visualize YUV images inside of RViz, rather than having to convert to RGB first.",-,Documentation,No,,,,,,,,,,
DP247,D5,Allow rendering of objects > 100 meters: A new configuration property called “Far Plane Distance” in the rviz camera plugin allows that rendering distance to be configured.,-,Documentation,Yes,,,,distância de renderização de objetos,,,,,,
DP248,D5,"Support Textures and Embedded Meshes for Marker Messages: These two additions will improve the ability to both visualize data in new ways with standard messages and, simultaneously, enable the ability to track this data in rosbag.",-,Documentation,Yes,,,,visualização de dados,,,,,,
DP249,D5,"Added PRISM type to SolidPrimitive: The SolidPrimitive message had a new PRISM type added, along with the appropriate metadata.",-,Documentation,No,,,,,,,,,,
DP250,D5,"rmw_connextdds: By default, Humble Hawksbill uses Connext 6.0.1 as the DDS implementation for rmw_connextdds.",-,Documentation,No,,,,,,,,,,
DP251,D5,"Support Type Adaption for Publishers and Subscriptions: After defining a type adapter, custom data structures can be used directly by publishers and subscribers,",-,Documentation,No,,,,,,,,,,
DP252,D5,wait_for_all_acked method added to Publisher: This new method will block until all messages in the publisher queue are acked by the matching subscriptions or the specified timeout expires.,-,Documentation,No,,,,,,,,,,
DP253,D5,sleep_until and sleep_for methods added to Clock: Two new methods were added to allow sleeping on a particular clock.,-,Documentation,No,,,,,,,,,,
DP254,D5,Add Foxy Fitzroy to REP 2000 ros-infrastructure/rep,https://github.com/ros-infrastructure/rep/pull/217,Main Meta-Ticket,No,,,,,,,,,,
DP255,D5,Add release and installation pages for Foxy Fitzroy ros2_documentation,https://github.com/ros2/ros2_documentation/pull/445,Main Meta-Ticket,No,,,,,,,,,,
DP256,D5,Add ROS 2 Galactic Geochelone ros/rosdistro,https://github.com/ros/rosdistro/pull/29211,Main Meta-Ticket,No,,,,,,,,,,
DP257,D5,Add Galactic job configurations ci,https://github.com/ros2/ci/pull/571,Main Meta-Ticket,No,,,,,,,,,,
DP258,D5,add Focal option ci,https://github.com/ros2/ci/pull/376,Main Meta-Ticket,No,,,,,,,,,,
DP259,D5,Default to Ubuntu Focal for Linux jobs ci,https://github.com/ros2/ci/pull/414,Main Meta-Ticket,No,,,,,,,,,,
DP260,D5,Update ROS Rolling to Jammy osrf/docker_images,https://github.com/osrf/docker_images/pull/601,Main Meta-Ticket,No,,,,,,,,,,
DP261,D5,Add a Suite3 option with Ubuntu Focal. ros-infrastructure/catkin_pkg,https://github.com/ros-infrastructure/catkin_pkg/pull/271,Main Meta-Ticket,No,,,,,,,,,,
DP262,D5,add Suite3 including Focal ros-infrastructure/rospkg,https://github.com/ros-infrastructure/rospkg/pull/184,Main Meta-Ticket,No,,,,,,,,,,
DP263,D5,add Suite3 including Focal ros-infrastructure/rosdistro,https://github.com/ros-infrastructure/rosdistro/pull/148,Main Meta-Ticket,No,,,,,,,,,,
DP264,D5,Add Suite3 option with Ubuntu Focal ros-infrastructure/rosdep,https://github.com/ros-infrastructure/rosdep/pull/734,Main Meta-Ticket,No,,,,,,,,,,
DP265,D5,Add Suite3 option with Ubuntu Focal ros-infrastructure/bloom,https://github.com/ros-infrastructure/bloom/pull/558,Main Meta-Ticket,No,,,,,,,,,,
DP266,D5,Add Suite3 option with Ubuntu Focal ros-infrastructure/rosinstall_generator,https://github.com/ros-infrastructure/rosinstall_generator/pull/62,Main Meta-Ticket,No,,,,,,,,,,
DP267,D5,add Suite3 including Focal dirk-thomas/vcstool,https://github.com/dirk-thomas/vcstool/pull/112,Main Meta-Ticket,No,,,,,,,,,,
DP268,D5,Migrate packages from Rolling to Galactic ros/rosdistro,https://github.com/ros/rosdistro/pull/29221,Main Meta-Ticket,No,,,,,,,,,,
DP269,D5,Set Humble release versions,https://github.com/ros2/ros2/pull/1274,Main Meta-Ticket,No,,,,,,,,,,
DP270,D5,Update development branches for Galactic ros/rosdistro,https://github.com/ros/rosdistro/pull/29267,Main Meta-Ticket,No,,,,,,,,,,
DP271,D5,Add CI jobs for ROS 2 Galactic ros_buildfarm_config,https://github.com/ros2/ros_buildfarm_config/pull/157,Main Meta-Ticket,No,,,,,,,,,,
DP272,D5,Foxy development repos file ros2_documentation,https://github.com/ros2/ros2_documentation/pull/752,Main Meta-Ticket,No,,,,,,,,,,
DP273,D5,Add release and source builds for ROS 2 Galactic ros_buildfarm_config,https://github.com/ros2/ros_buildfarm_config/pull/155,Main Meta-Ticket,No,,,,,,,,,,
DP274,D5,List install instructions for Foxy on main install page ros2_documentation,https://github.com/ros2/ros2_documentation/pull/746,Main Meta-Ticket,No,,,,,,,,,,
DP275,D5,Add Foxy to the list of released distros ros2_documentation,https://github.com/ros2/ros2_documentation/pull/747,Main Meta-Ticket,No,,,,,,,,,,
DP276,D5,Add API documentation for Galactic docs.ros2.org,https://github.com/ros2/docs.ros2.org/pull/56,Main Meta-Ticket,No,,,,,,,,,,
DP277,D5,Add ROS 2 Galactic Geochelone ros-infrastructure/rosindex,https://github.com/ros-infrastructure/rosindex/pull/264,Main Meta-Ticket,No,,,,,,,,,,
DP278,D5,Release of ROS 2 Galactic Geochelone,https://github.com/ros2/ros2/pull/1147,Main Meta-Ticket,No,,,,,,,,,,
DP279,D5,Mark ROS 2 Galactic as an 'active' distribution ros/rosdistro,https://github.com/ros/rosdistro/pull/29635,Main Meta-Ticket,No,,,,,,,,,,
DP280,D5,Add humble osrf/docker_images,https://github.com/osrf/docker_images/pull/622,Main Meta-Ticket,No,,,,,,,,,,
DP281,D5,osrf/docker_images,https://github.com/osrf/docker_images/pull/620,Main Meta-Ticket,No,,,,,,,,,,
DP282,D5,ros-infrastructure/www.ros.org,https://github.com/ros-infrastructure/www.ros.org/pull/35,Main Meta-Ticket,No,,,,,,,,,,
DP283,D5,ros-infrastructure/www.ros.org,https://github.com/ros-infrastructure/www.ros.org/pull/37,Main Meta-Ticket,No,,,,,,,,,,
DP284,D5,https://github.com/ros2/ros2_documentation/pull/2580/files,https://github.com/ros2/ros2_documentation/pull/2580/files,Main Meta-Ticket,No,,,,,,,,,,
DP285,D6,API documentation generation for Python packages: Iron adds automatic API documentation for Python packages.,-,Documentation,No,,,,,,,,,,
DP286,D6,Service introspection: It is now possible to enable service introspection on a per-service basis.,-,Documentation,No,,,,,,,,,,
DP287,D6,Pre and post set parameter callback support: This release adds in a pre and post callback.,-,Documentation,No,,,,,,,,,,
DP288,D6,"Improved discovery options: ROS Iron retains the same default discovery behavior, but deprecates ROS_LOCALHOST_ONLY in favor of more granular options.",-,Documentation,No,,,,,,,,,,
DP289,D6,Matched events: Matched events can be generated when any publisher and subscription establishes or drops the connection between them.,-,Documentation,No,,,,,,,,,,
DP290,D6,External configuration services of loggers: It is now possible to configure node logger levels remotely via a service.,-,Documentation,No,,,,,,,,,,
DP291,D6,"Type Description Distribution: It is now possible to communicate information about the types of ROS 2 messages, with new features such as RIHS and GetTypeDescription service.",-,Documentation,No,,,,,,,,,,
DP292,D6,"Dynamic Types and Dynamic Messages: Introduction of dynamic types and messages at runtime, with new rmw interfaces for dynamic message support.",-,Documentation,No,,,,,,,,,,
DP293,D6,PythonExpression now supports importing modules: It is now possible to have a launch PythonExpression import modules.,-,Documentation,No,,,,,,,,,,
DP294,D6,ReadyToTest can be called from an event handler: It is now possible to register an event handler that uses ReadyToTest in its output.,-,Documentation,No,,,,,,,,,,
DP295,D6,Addition of AnySubstitution and AllSubstitution: It is now possible to specify a substitution for when any or all of the input arguments are true.,-,Documentation,No,,,,,,,,,,
DP296,D6,Addition of a new substitution to get the launch logging directory: It is now possible to use a substitution called LaunchLogDir to get the current logging directory for launch.,-,Documentation,No,,,,,,,,,,
DP297,D6,Add a LifecycleTransition action: It is now possible to send a transition signal to a lifecycle node via the new LifeCycleTransition action.,-,Documentation,No,,,,,,,,,,
DP298,D6,Add a SetROSLogDir action: It is now possible to configure the directory used for logging via the SetROSLogDir action.,-,Documentation,No,,,,,,,,,,
DP299,D6,Ability to specify a condition to a ComposableNode: It is now possible to specify a condition that must be satisfied for a ComposableNode to be inserted.,-,Documentation,Yes,,,,controle sobre a inicialização e execução dos nós compostos,,,,,,
DP300,D6,Timeout for process startup is now configurable: A new decorator called ready_to_test_action_timeout allows the user to configure the amount of time to wait for processes to start.,-,Documentation,No,,,,,,,,,,
DP301,D6,Addition of a new paradigm for handling Node and LifecycleNode: Introduction of a new NodeInterfaces class that contains the interfaces and can be used by other code.,-,Documentation,No,,,,,,,,,,
DP302,D6,Introduction of a new executor type: the Events Executor: The EventsExecutor from iRobot has been merged into the main rclcpp codebase.,-,Documentation,No,,,,,,,,,,
DP303,D6,Ability to wait for another node to join the graph: It is now possible to wait for another node to join the network graph.,-,Documentation,No,,,,,,,,,,
DP304,D6,"Implementation of AsyncParameterClient: rclpy now has an AsyncParameterClient class, bringing it to feature parity with rclcpp.",-,Documentation,No,,,,,,,,,,
DP305,D6,Subscription callbacks can now optionally get the message info: It is now possible to register for a subscription callback with a function signature that takes both the message and the message info.,-,Documentation,No,,,,,,,,,,
DP306,D6,Optional argument that hides assertions for messages class: All message classes now include a new optional argument that allows hiding assertions for each field type from the message.,-,Documentation,No,,,,,,,,,,
DP307,D6,Option to timeout when waiting for a node with ros2 param: It is now possible to have the various ros2 param commands timeout by passing --timeout to the command.,-,Documentation,No,,,,,,,,,,
DP308,D6,ros2 topic pub now as keyword for builtin_interfaces.msg.Time and auto for std_msgs.msg.Header: ros2 topic pub now allows setting a builtin_interfaces.msg.Time message to the current time via the now keyword and auto for std_msgs.msg.Header.,-,Documentation,No,,,,,,,,,,
DP309,D6,ros2 topic pub can be configured to wait a maximum amount of time: The command ros2 topic pub -w 1 will wait for at least that number of subscribers before publishing a message with a --max-wait-time option.,-,Documentation,No,,,,,,,,,,
DP310,D6,ros2 topic echo can be configured to wait a maximum amount of time: The command ros2 topic echo now accepts a --timeout option.,-,Documentation,No,,,,,,,,,,
DP311,D6,Change to the default console logging file flushing behavior: Log file flushing was changed to flush every time an “error” log message is used.,-,Documentation,No,,,,,,,,,,
DP312,D6,Include dependencies are now marked as SYSTEM: Dependencies are now automatically added as SYSTEM when using ament_auto_add_executable or ament_auto_add_library.,-,Documentation,No,,,,,,,,,,
DP313,D6,"Package has been deprecated and removed: The Python nose package has long been deprecated, and this release removes the ament wrapper around it.",-,Documentation,No,,,,,,,,,,
DP314,D6,Files can be excluded from linter checks: Certain files can now be excluded from linter checks by setting the AMENT_LINT_AUTO_FILE_EXCLUDE CMake variable.,-,Documentation,No,,,,,,,,,,
DP315,D6,Lifecycle node support: camera_info_manager now supports lifecycle nodes in addition to regular ROS 2 nodes.,-,Documentation,No,,,,,,,,,,
DP316,D6,LaunchConfigurationEquals and LaunchConfigurationNotEquals are deprecated: These conditions are deprecated in favor of the more universal Equals and NotEquals substitutions.,-,Documentation,No,,,,,,,,,,
DP317,D6,Renamed classes which used Ros in the name to use ROS in line with PEP8: Classes have been renamed to follow PEP8 guidelines.,-,Documentation,No,,,,,,,,,,
DP318,D6,"Default number of threads for multi-threaded executor has been changed: ""If the user doesn’t specify otherwise, the default number of threads for the multi-threaded executor will be set to the number of CPUs on the machine.""",-,Documentation,Yes,,,,"padrão de threads, arquitetura",,,,,,
DP319,D6,"A warning is now printed when QoS of KEEP_LAST is specified with a depth of 0: ""rclpy will now print a warning if this combination is specified, but will still continue on and let the underlying middleware choose a sane value (generally a depth of 1).""",-,Documentation,No,,,,,,,,,,
DP320,D6,"Time and Duration no longer raise exception when compared to another type: ""It is now possible to compare rclpy.time.Time and rclpy.duration.Duration to other types without getting exceptions.""",-,Documentation,No,,,,,,,,,,
DP321,D6,"Improve the performance of message logging: ""The code used to output a log message when RCUTILS_LOG_* or RCLCPP_* was optimized to reduce overhead.""",-,Documentation,Yes,,,,performance de logging de mensagens,,,,,,
DP322,D6,"Deprecated rcutils/get_env.h header was removed: ""In Iron, the rcutils/get_env.h header has been completely removed.""",-,Documentation,No,,,,,,,,,,
DP323,D6,"Change the GID storage to 16 bytes: ""This release defines it as 16 bytes (the DDS standard), and changes all implementations to use that definition.""",-,Documentation,No,,,,,,,,,,
DP324,D6,"Change the GID storage to 16 bytes: ""Along with the change in the rmw layer, change the message that sends out GID information to 16 bytes.""",-,Documentation,No,,,,,,,,,,
DP325,D6,"ros2 topic hz/bw/pub now respect use_sim_time: ""The node created by the ros2 topic commands hz, bw, and pub now respect that parameter and will use simulation time as appropriate.""",-,Documentation,No,,,,,,,,,,
DP326,D6,"Change default bag file type to mcap: ""This release switches to using mcap as the default file format for writing new bags.""",-,Documentation,No,,,,,,,,,,
DP327,D6,"Store message definitions in bag files with SQLite3 plugin: ""Now we support saving message definitions to the sqlite3 database file in the same format as we are saving it to the mcap file.""",-,Documentation,No,,,,,,,,,,
DP328,D6,"New playback and recording controls: ""Pull request 960 adds the ability to play bag for a specified number of seconds. And pull request 1005 allows to play bag until specified timestamp. Another pull request 1007 adds the ability to stop playback remotely via service call.""",-,Documentation,No,,,,,,,,,,
DP329,D6,"Managing recording via service calls: ""The pull request 1131 adds the ability to pause and resume recording via service calls. Another pull request 1115 adds the ability to split bags during recording by sending service call.""",-,Documentation,No,,,,,,,,,,
DP330,D6,"Filtering topics via regular expression during playback: ""Pull request 1034 adds a new option --topics-regex that allows filtering topics via regular expressions...",-,Documentation,No,,,,,,,,,,
DP331,D6,"Allow plugins to register their own CLI verb arguments: ""Pull request 1209 adds the ability for rosbag2 plugins to register an optional Python entrypoint providing plugin-specific CLI argument values.""",-,Documentation,No,,,,,,,,,,
DP332,D6,"Modification of content of slots attribute: ""In Iron, this attribute no longer contains only the field names from the message structure, but the field names for all the class members.""",-,Documentation,No,,,,,,,,,,
DP333,D6,"Map display can now be shown as binary: ""The RViz map display can now display the map as binary, with a settable threshold.""",-,Documentation,No,,,,,,,,,,
DP334,D6,"Camera display plugin respects the ROI in the CameraInfo message: ""The CameraDisplay plugin now honors the region-of-interest (ROI) settings in the CameraInfo message.""",-,Documentation,Yes,,,,visualização de imagem/objetos,,,,,,
DP335,D6,"Binary STL files from SOLIDWORKS work without error: ""A change was made to the STL loader such that it accepts binary STL files from SOLIDWORKS that have the word 'solid' in them.""",-,Documentation,No,,,,,,,,,,
DP336,D6,"Tracing instrumentation is now included by default on Linux: ""In Iron, the tracing instrumentation and tracepoints are included by default; the LTTng tracer is therefore now a ROS 2 dependency.""",-,Documentation,No,,,,,,,,,,
DP337,D6,"New tracepoints for rclcpp intra-process are added: ""New tracepoints have been added to support rclcpp intra-process communication.""",-,Documentation,Yes,,,,"comunicação intra-processo, monitoramento",,,,,,
DP338,D7,"Changes to how ROS 2 and Gazebo integrate: gz_*_vendor packages: ""To make it easier for ROS 2 packages to consume Gazebo packages, there are now gz_*_vendor packages.""",-,Documentation,No,,,,,,,,,,
DP339,D7,"New VelocityStamped message: ""New VelocityStamped message: Added a new message with all fields needed to define a velocity and transform it.""",-,Documentation,No,,,,,,,,,,
DP340,D7,"Adds ARROW_STRIP to Marker.msg: ""Added new type of Marker, ARROW_STRIP, to Marker.msg.""",-,Documentation,No,,,,,,,,,,
DP341,D7,Support lazy subscribers: See https://github.com/ros-perception/image_common/issues/272 for more details.,-,Documentation,No,,,,,,,,,,
DP342,D7,"Expose option to set callback groups: ""Expose option to set callback groups: See https://github.com/ros-perception/image_common/issues/274 for more details.""",-,Documentation,No,,,,,,,,,,
DP343,D7,"Enable allow list: ""Added parameter so users can selectively disable image_transport plugins at runtime.""",-,Documentation,No,,,,,,,,,,
DP344,D7,"Advertise and subscribe with custom QoS: ""Allow users to pass in a custom quality-of-service when creating image_transport publishers and subscribers.""",-,Documentation,No,,,,,,,,,,
DP345,D7,"Added rclcpp component to Republish: ""Users can now start the image_transport republisher node as an rclcpp_component.""",-,Documentation,No,,,,,,,,,,
DP346,D7,"TypeAdapters support: ""TypeAdapters support: Allows users to use Type Adaptation within message_filters.""",-,Documentation,No,,,,,,,,,,
DP347,D7,"Add get type description service: ""Implements the ~/get_type_description service which allows external users to get descriptions of each type that a node offers.""",-,Documentation,No,,,,,,,,,,
DP348,D7,"Type support helper for services: ""New type support helper for services rclcpp::get_service_typesupport_handle is added to extract service type support handle.""",-,Documentation,No,,,,,,,,,,
DP349,D7,"ParameterEventHandler: ""New class ParameterEventHandler allows us to monitor and respond changes to parameters via parameter events.""",-,Documentation,No,,,,,,,,,,
DP350,D7,"Added a --log-file-name command line argument: ""It is now possible to use --log-file-name command line argument to specify the log file name prefix.""",-,Documentation,No,,,,,,,,,,
DP351,D7,"Added QoS to subscription options: ""A user-settable QoS parameter was added to the TopicStatisticsOptions, which allows the statistics to have a different QoS from the subscription itself.""",-,Documentation,No,,,,,,,,,,
DP352,D7,"Add clients and services count: ""It is now possible to get the number of clients created by a service.""",-,Documentation,No,,,,,,,,,,
DP353,D7,"type sub-command supported: ""It is now possible to use the type sub-command to check the action type.""",-,Documentation,No,,,,,,,,,,
DP354,D7,"Service recording and playback: ""It is now possible to record and play service data with the ros2bag command line interface.""",-,Documentation,No,,,,,,,,,,
DP355,D7,"New filter modes: ""It is now possible to filter by topic type.""",-,Documentation,No,,,,,,,,,,
DP356,D7,"Player and Recorder are now exposed as rclcpp components: ""This allows a 'zero-copy' when using intra-process communication during data record or reply.""",-,Documentation,No,,,,,,,,,,
DP357,D7,"Added option to disable recorder keyboard controls: ""Added option to disable recorder keyboard controls.""",-,Documentation,No,,,,,,,,,,
DP358,D7,"Use middleware send and receive timestamps from message_info during recording: ""rosbag2 now uses the send and receive timestamps as provided by the middleware.""",-,Documentation,No,,,,,,,,,,
DP359,D7,"Added compression threads priority to record options: ""It is now possible to specify the priority of the thread that performs compression.""",-,Documentation,Yes,,,,prioridade dos threads de compressão de dados,,,,,,
DP360,D7,"Added ability to split already existing ros2 bags by time: ""Added start_time_ns and end_time_ns to the StorageOptions to exclude messages not in [start_time;end_time] during the ros2 bag convert operation.""",-,Documentation,No,,,,,,,,,,
DP361,D7,"Store serialized metadata in bag files directly: ""rosbag2 has always stored metadata in the metadata.yaml file associated with a bag file. Now the metadata is also stored in each bag file.""",-,Documentation,No,,,,,,,,,,
DP362,D7,"Store ROS_DISTRO name in the metadata: ""Store ROS_DISTRO name in the metadata.""",-,Documentation,No,,,,,,,,,,
DP363,D7,"Added introspection QoS methods to Python bindings: ""It is now possible to instrospect QoS setting from Python bindings.""",-,Documentation,No,,,,,,,,,,
DP364,D7,"Added interfaces to support key annotation: ""The key annotation allows indicating that a data member is part of the key, which can have zero or more key fields and can be applied to structure fields of various types.""",-,Documentation,No,,,,,,,,,,
DP365,D7,"Added regex filter field for TF display: ""When there are many frames on /tf it can be hard to properly visualize them in RViz. Now it is possible to filter frames using regular expressions.""",-,Documentation,No,,,,,,,,,,
DP366,D7,"Append measured subscription frequency to topic status: ""It is possible to visualize Hz in the topic status widget.""",-,Documentation,No,,,,,,,,,,
DP367,D7,"Reset functionality: ""It is possible to reset Time using a new service or using the keyboard shortcut R.""",-,Documentation,No,,,,,,,,,,
DP368,D7,"Added support for point_cloud_transport: ""It is possible to subscribe to point clouds using the point_cloud_transport package.""",-,Documentation,No,,,,,,,,,,
DP369,D7,"Feature parity with RViz for ROS: ""It is possible to use the same plugins available in the ROS 1 version.""",-,Documentation,No,,,,,,,,,,
DP370,D7,"Camera info display: ""It is possible to visualize CameraInfo messages in the 3D scene.""",-,Documentation,Yes,,,,exibição de informações da câmera,,,,,,
DP371,D7,"Added tl_expected: ""std::expected is C++23 feature, which is not yet supported in ROS 2. However, it is possible to use tl::expected from rcpputils via a backported implementation.",-,Documentation,No,,,,,,,,,,
DP372,D7,"Add human readable date to logging formats: ""It is now possible to output dates in a human readable format when using console logging by using the {date_time_with_ms} token in the RCUTILS_CONSOLE_OUTPUT_FORMAT environment variable.""",-,Documentation,No,,,,,,,,,,
DP373,D7,"Enabled Twist interpolator: ""Included new API to lookup the velocity of the moving frame in the reference frame.""",-,Documentation,No,,,,,,,,,,
DP374,D7,"Enabled Twist interpolator: ""Included new API to lookup the velocity of the moving frame in the reference frame.""",-,Documentation,No,,,,,,,,,,
DP375,D7,"Add new node interface TypeDescriptionsInterface: ""Add new node interface TypeDescriptionsInterface to provide the GetTypeDescription service.""",-,Documentation,No,,,,,,,,,,
DP376,D7,"rclpy.node.Node.declare_parameter: ""The rclpy.node.Node.declare_parameter does not allow statically typing parameter without a default value.""",-,Documentation,No,,,,,,,,,,
DP377,D7,"Added types to method arguments: ""Added type checking to improve the experience for anyone using static type checking.""",-,Documentation,No,,,,,,,,,,
DP378,D7,"Rename of the --exclude CLI option: ""The --exclude CLI option was renamed to the --exclude-regex to better reflect what it does.""",-,Documentation,No,,,,,,,,,,
DP379,D7,"Changes in representation of the offered_qos_profiles: ""Enum values are now used for offered_qos_profiles in the code, in human-readable string values for QoS settings in the metadata, and in the overriding QoS profile YAML files.""",-,Documentation,No,,,,,,,,,,
DP380,D7,"Added node name to the read and write bag split event messages: ""Added node name to the read and write bag split event messages.""",-,Documentation,No,,,,,,,,,,
DP381,D7,"Added BagSplitInfo service call on bag close: ""Added BagSplitInfo service call on bag close.""",-,Documentation,No,,,,,,,,,,
DP382,D7,"Resolved multiple issues related to the handling SIGINT and SIGTERM signals in rosbag2: ""Resolved multiple issues related to the handling SIGINT and SIGTERM signals in rosbag2.""",-,Documentation,No,,,,,,,,,,
DP383,D7,"Added topic_id returned by storage to the TopicMetadata: ""Added topic_id returned by storage to the TopicMetadata.""",-,Documentation,No,,,,,,,,,,
DP384,D7,"Added Python bindings for CompressionOptions and CompressionMode structures: ""Added Python bindings for CompressionOptions and CompressionMode structures.""",-,Documentation,No,,,,,,,,,,
DP385,D7,"Improve performance in SqliteStorage::get_bagfile_size(): ""This minimizes the probability of losing messages during bag split operation when recording with the SQLite3 storage plugin.""",-,Documentation,Yes,,,,otimizaração de cálculo do tamanho do arquivo de gravação,,,,,,
DP386,D7,"Improved performance and updated rosbag API: ""There are some breaking changes in the rosbag2 API and Ubuntu Noble library versions that required some changes to rqt_bag.""",-,Documentation,Yes,,,,eficiência na manipulação de arquivos de rosbag,,,,,,